path,sha256,license,ownership_scope,grant_basis
.gitattributes,705fd4d6451a31d36b3df7de96f83f30ac976c9b4a6d1e51671d8e2f33e2d0da,NO_NEW_BLANKET_LICENSE,Non-program material outside project code grant,Author explicitly excludes automatic program licensing of text/figures/docs/data
.gitignore,02d8f86d085338d785c6f5c1fbde6d09fbcd72d93b2718d9e919e8ae277eabca,NO_NEW_BLANKET_LICENSE,Non-program material outside project code grant,Author explicitly excludes automatic program licensing of text/figures/docs/data
CITATION.cff,3a501f55d71035edc694891a0744c033d4818aad0b15621ca48f9b5c3b6165f7,NO_NEW_BLANKET_LICENSE,Non-program material outside project code grant,Author explicitly excludes automatic program licensing of text/figures/docs/data
LICENSE,8ceb4b9ee5adedde47b31e975c1d90c73ad27b6b165a1dcd80c7c545eb65b903,GPL-3.0 license text,License text copied unchanged,GNU GPL text supplied by pinned upstream
README.md,768d7fd9dea80d44d680836cbb54f863a9c80f97b5058b50c4d13862dafe94aa,NO_NEW_BLANKET_LICENSE,Non-program material outside project code grant,Author explicitly excludes automatic program licensing of text/figures/docs/data
THIRD_PARTY_NOTICES.md,7aba9af22da496f7ba314369e7c03a09aae49744db1e848448cf9acc5ff3a5bc,NO_NEW_BLANKET_LICENSE,Non-program material outside project code grant,Author explicitly excludes automatic program licensing of text/figures/docs/data
docs/building.md,ce6a78351946d4b3573536942537c59c0328445f7a58db6b8e2b75c47815b434,NO_NEW_BLANKET_LICENSE,Non-program material outside project code grant,Author explicitly excludes automatic program licensing of text/figures/docs/data
docs/data-layout.md,801df6f75fd70c224d72a3e12a0c1b4b7978186da04330f04222d4b923a24666,NO_NEW_BLANKET_LICENSE,Non-program material outside project code grant,Author explicitly excludes automatic program licensing of text/figures/docs/data
docs/experiment-map.md,5b585efb8ce164d340607d7aa44399e5f2c48b99aa62dae9f79d41023cd28c0a,NO_NEW_BLANKET_LICENSE,Non-program material outside project code grant,Author explicitly excludes automatic program licensing of text/figures/docs/data
docs/license_policy.md,c23ca5122d8d972c28e23596714d712c043cf2c6367255b5a9434c52c33cd57b,NO_NEW_BLANKET_LICENSE,Non-program material outside project code grant,Author explicitly excludes automatic program licensing of text/figures/docs/data
docs/limitations.md,66f3632f9cc97100a876cc7941a48b128a09fc12d79c23ddc8b28fa5ad615f49,NO_NEW_BLANKET_LICENSE,Non-program material outside project code grant,Author explicitly excludes automatic program licensing of text/figures/docs/data
docs/methodology.md,0fc2a9c0fa80e42a325ae7f74523d8b9d0c75e5caa596e742add67b89902053d,NO_NEW_BLANKET_LICENSE,Non-program material outside project code grant,Author explicitly excludes automatic program licensing of text/figures/docs/data
docs/validation.md,c40519a332ad7976bd98ab5a5aaf89e776e8d7bee375555a100d8e682516bb0d,NO_NEW_BLANKET_LICENSE,Non-program material outside project code grant,Author explicitly excludes automatic program licensing of text/figures/docs/data
experiments/core_rebuild/README.md,bcd216ad770e032252fc11e075a15922f3251c31632e68a209158546491bc6a5,NO_NEW_BLANKET_LICENSE,Non-program material outside project code grant,Author explicitly excludes automatic program licensing of text/figures/docs/data
experiments/core_rebuild/portability/acceptance_002/reproduction_acceptance.json,c306415a77856bf3770b7d6ed16d74c9191cb518ba14b99b6016a5123a04c99a,NO_NEW_BLANKET_LICENSE,Non-program material outside project code grant,Author explicitly excludes automatic program licensing of text/figures/docs/data
experiments/core_rebuild/portability/native_003/portability_report.json,a1522ef343641c9c3671a5549297879801cdc9db880097b4e580b6d737391386,NO_NEW_BLANKET_LICENSE,Non-program material outside project code grant,Author explicitly excludes automatic program licensing of text/figures/docs/data
experiments/core_rebuild/reproduction/paper_plots.py,c362183d5772ca6878af53469df7a94fbcff553ee8166cb752e6368236c8814f,GPL-3.0-or-later,Project-owned program contribution,Author authorized project-owned incremental implementation programs under GPL-3.0-or-later
experiments/core_rebuild/reproduction/paper_tables.py,56ed35ae18935951a9f0c09513c4242f0b77e955666ef07018bbc28b4e459d83,GPL-3.0-or-later,Project-owned program contribution,Author authorized project-owned incremental implementation programs under GPL-3.0-or-later
experiments/core_rebuild/reproduction/reproduce.py,8864f6b9d36ef2beaa81271660923ae3960e97fe00522972c9ad8d3acd8c0542,GPL-3.0-or-later,Project-owned program contribution,Author authorized project-owned incremental implementation programs under GPL-3.0-or-later
experiments/core_rebuild/results/core_20261001_001/analysis_provenance.json,ace1b3800cd46fa78f65f1759f4ef5cc54d55b358fe520732bbabb8e0ee60ba7,NO_NEW_BLANKET_LICENSE,Non-program material outside project code grant,Author explicitly excludes automatic program licensing of text/figures/docs/data
experiments/core_rebuild/results/core_20261001_001/claim_map.json,23f4b5629641bd504e2fe504040c65b49b1aa0dddd49ba5ca6460563f6e40c65,NO_NEW_BLANKET_LICENSE,Non-program material outside project code grant,Author explicitly excludes automatic program licensing of text/figures/docs/data
experiments/core_rebuild/results/core_20261001_001/configurations_and_buffers.csv,666c64b1e500d347042483b2d7ac74284bd384ae48e96fe72cea183060140535,NO_NEW_BLANKET_LICENSE,Non-program material outside project code grant,Author explicitly excludes automatic program licensing of text/figures/docs/data
experiments/core_rebuild/results/core_20261001_001/failure_ledger.json,b4f54554494ca2a78b3f727288c1ac9b481ee514ec42d3c079e6f8e969ce7287,NO_NEW_BLANKET_LICENSE,Non-program material outside project code grant,Author explicitly excludes automatic program licensing of text/figures/docs/data
experiments/core_rebuild/results/core_20261001_001/figures/caption_data.json,1272c41ed67df871762ed2cbbf25a2250246d2648df3b9b9f81fae9d5a7172b2,NO_NEW_BLANKET_LICENSE,Non-program material outside project code grant,Author explicitly excludes automatic program licensing of text/figures/docs/data
experiments/core_rebuild/results/core_20261001_001/figures/figure_data.json,0a9725e2f28f36874e7cf425c8672b1995598201df258023fe0f1c0d4705485a,NO_NEW_BLANKET_LICENSE,Non-program material outside project code grant,Author explicitly excludes automatic program licensing of text/figures/docs/data
experiments/core_rebuild/results/core_20261001_001/figures/figure_provenance.json,5cc783b50aa3af4ef89af90430bbc5272be1362f38e372fbd005d4936db9b959,NO_NEW_BLANKET_LICENSE,Non-program material outside project code grant,Author explicitly excludes automatic program licensing of text/figures/docs/data
experiments/core_rebuild/results/core_20261001_001/fullprecision.csv,ecf5e28614c67e5f42de51e37427f339aca4e85590dcda842a2f61b7e93f8426,NO_NEW_BLANKET_LICENSE,Non-program material outside project code grant,Author explicitly excludes automatic program licensing of text/figures/docs/data
experiments/core_rebuild/results/core_20261001_001/session_effects.csv,19c455cead21424328361048915c10ec526d1565b6e25c2485227055f2af3e9a,NO_NEW_BLANKET_LICENSE,Non-program material outside project code grant,Author explicitly excludes automatic program licensing of text/figures/docs/data
experiments/core_rebuild/results/core_20261001_001/summary.json,fa4f02c7ea2657c5740d531b42d15ebcbeedcc162de367a834639cb1ce6db863,NO_NEW_BLANKET_LICENSE,Non-program material outside project code grant,Author explicitly excludes automatic program licensing of text/figures/docs/data
experiments/core_rebuild/runs/core_20261001_001/build/build_001/build_manifest.json,fa0274378cd9f40cf4ea9b4ad71f350c61c7112c6015d2f04003e3b278797151,NO_NEW_BLANKET_LICENSE,Non-program material outside project code grant,Author explicitly excludes automatic program licensing of text/figures/docs/data
experiments/core_rebuild/runs/core_20261001_001/build/build_002/build_manifest.json,141fbd2f1efa5192eed87eb6da238313dd2438ce6370f7365221c4e899a73776,NO_NEW_BLANKET_LICENSE,Non-program material outside project code grant,Author explicitly excludes automatic program licensing of text/figures/docs/data
experiments/core_rebuild/runs/core_20261001_001/build/build_002/unit/build_manifest.json,464e958b96525e228e5f1a5274afc7ef5e63da4ac414a0ba3625f5ee687169f5,NO_NEW_BLANKET_LICENSE,Non-program material outside project code grant,Author explicitly excludes automatic program licensing of text/figures/docs/data
experiments/core_rebuild/runs/core_20261001_001/functional/functional_001/cases.json,86989681b2eb1ca4da981fce63aa19f3b541f3d380385694d12892d3e72ae87d,NO_NEW_BLANKET_LICENSE,Non-program material outside project code grant,Author explicitly excludes automatic program licensing of text/figures/docs/data
experiments/core_rebuild/runs/core_20261001_001/functional/functional_001/functional_report.json,6eed0b7a332aa3540abffd9280b83e64691e1cd922c72049a54b063ee12b8555,NO_NEW_BLANKET_LICENSE,Non-program material outside project code grant,Author explicitly excludes automatic program licensing of text/figures/docs/data
experiments/core_rebuild/runs/core_20261001_001/functional/functional_001/native_unit.json,d3bb301481dbf4806a707cd1e56d51f71e2b7ce13f567f05476735fff461f0d9,NO_NEW_BLANKET_LICENSE,Non-program material outside project code grant,Author explicitly excludes automatic program licensing of text/figures/docs/data
experiments/core_rebuild/runs/core_20261001_001/functional/runner_source_review.json,1430aa09e7054ece09618ad58270f431e8958d20fd8d96e24c2c66df66ecf174,NO_NEW_BLANKET_LICENSE,Non-program material outside project code grant,Author explicitly excludes automatic program licensing of text/figures/docs/data
experiments/core_rebuild/runs/core_20261001_001/functional/source_gate.json,bedf55702bf7060a22a674d88aa8b1b2cddc0247441737de8e2aa5a4ff35eabd,NO_NEW_BLANKET_LICENSE,Non-program material outside project code grant,Author explicitly excludes automatic program licensing of text/figures/docs/data
experiments/core_rebuild/runs/core_20261001_001/pilot/pilot_001/observations.json,5cd392ca50557775956df111567204f474b8e63f32ad080379e1b4599daeb173,NO_NEW_BLANKET_LICENSE,Non-program material outside project code grant,Author explicitly excludes automatic program licensing of text/figures/docs/data
experiments/core_rebuild/runs/core_20261001_001/pilot/pilot_001/pilot_report.json,4d2be45df91b31052f884548bcfc1e3b6842c549575a64fa5bff42bbd4577e8d,NO_NEW_BLANKET_LICENSE,Non-program material outside project code grant,Author explicitly excludes automatic program licensing of text/figures/docs/data
experiments/core_rebuild/runs/core_20261001_001/pilot/pilot_001/schedule.json,8718f57360a0792f91b9cf583900908817d45a6c6ae79751eeee2ff89c74430b,NO_NEW_BLANKET_LICENSE,Non-program material outside project code grant,Author explicitly excludes automatic program licensing of text/figures/docs/data
experiments/core_rebuild/runs/core_20261001_001/pilot/pilot_002/observations.json,495f249aebd87af44039f481732290dbe6fa6c73868deb5dd0e9ec233634f5f1,NO_NEW_BLANKET_LICENSE,Non-program material outside project code grant,Author explicitly excludes automatic program licensing of text/figures/docs/data
experiments/core_rebuild/runs/core_20261001_001/pilot/pilot_002/pilot_report.json,d71e2475efdfea5e78d98d63e367660b33acbda3c8f66a3ba33de501fa54f057,NO_NEW_BLANKET_LICENSE,Non-program material outside project code grant,Author explicitly excludes automatic program licensing of text/figures/docs/data
experiments/core_rebuild/runs/core_20261001_001/pilot/pilot_002/schedule.json,19bdad73e1442d834c4fb6fec860cef37cd67566068c2f3511e377bc84039190,NO_NEW_BLANKET_LICENSE,Non-program material outside project code grant,Author explicitly excludes automatic program licensing of text/figures/docs/data
experiments/core_rebuild/runs/core_20261001_001/provenance/citation_verification.json,b0471dda86ee19c2d40bfdb92fd033f5145e7334db79abf37ca3c9ed8ec53772,NO_NEW_BLANKET_LICENSE,Non-program material outside project code grant,Author explicitly excludes automatic program licensing of text/figures/docs/data
experiments/core_rebuild/runs/core_20261001_001/provenance/freeze.json,ad85f163d6d9a93edc2780815fdeba40e2f4495be9ea0fd275203ad65622b217,NO_NEW_BLANKET_LICENSE,Non-program material outside project code grant,Author explicitly excludes automatic program licensing of text/figures/docs/data
experiments/core_rebuild/runs/core_20261001_001/provenance/preflight.json,381fd4a3733776f641710631a9506c55b1fc90b697f1b6c22e895bb9208d5816,NO_NEW_BLANKET_LICENSE,Non-program material outside project code grant,Author explicitly excludes automatic program licensing of text/figures/docs/data
experiments/core_rebuild/runs/core_20261001_001/provenance/resource_probe.json,00a296b2dbd205b378193535d2971a094506f6e0a62c518103b2d7e4f49de76f,NO_NEW_BLANKET_LICENSE,Non-program material outside project code grant,Author explicitly excludes automatic program licensing of text/figures/docs/data
experiments/core_rebuild/runs/core_20261001_001/provenance/source_baseline.json,05ae419967ac9f07d4e8dbb02ab74616cfc7c4a3f263624697dffbf52291a7ed,NO_NEW_BLANKET_LICENSE,Non-program material outside project code grant,Author explicitly excludes automatic program licensing of text/figures/docs/data
experiments/core_rebuild/runs/core_20261001_001/raw/formal_001/formal_report.json,822763d3f0294865f103d2c32e425135389259f81775950fd3f0f0cea82384f1,NO_NEW_BLANKET_LICENSE,Non-program material outside project code grant,Author explicitly excludes automatic program licensing of text/figures/docs/data
experiments/core_rebuild/runs/core_20261001_001/raw/formal_001/lock_provenance.json,e7e6605f6495f58fed655cc06d06d751d6b385981c8bb0e244bf141da97f7435,NO_NEW_BLANKET_LICENSE,Non-program material outside project code grant,Author explicitly excludes automatic program licensing of text/figures/docs/data
experiments/core_rebuild/runs/core_20261001_001/raw/formal_001/observations.jsonl,d0585c402b78fa0f89f40f1b8a4cd3f8d2eb9fc8ee62593dceba235a035f6652,NO_NEW_BLANKET_LICENSE,Non-program material outside project code grant,Author explicitly excludes automatic program licensing of text/figures/docs/data
experiments/core_rebuild/runs/core_20261001_001/raw/formal_001/sessions/01_end.json,7a82601aa647b93c97a3dc1e950712d21425618ad6cbc213295675b673fd9ac9,NO_NEW_BLANKET_LICENSE,Non-program material outside project code grant,Author explicitly excludes automatic program licensing of text/figures/docs/data
experiments/core_rebuild/runs/core_20261001_001/raw/formal_001/sessions/01_start.json,8e3da22544ab478865c0910c9e2442aa52b8acb3bab663edae96952a714e71d9,NO_NEW_BLANKET_LICENSE,Non-program material outside project code grant,Author explicitly excludes automatic program licensing of text/figures/docs/data
experiments/core_rebuild/runs/core_20261001_001/raw/formal_001/sessions/02_end.json,98da9eb9460ed031ba7cd311bec71445fc542902394f32f6cbf354a52fe334d4,NO_NEW_BLANKET_LICENSE,Non-program material outside project code grant,Author explicitly excludes automatic program licensing of text/figures/docs/data
experiments/core_rebuild/runs/core_20261001_001/raw/formal_001/sessions/02_start.json,83cc8b690f86186286115bd7577e9293473d70051390cc181ac219962d0fee87,NO_NEW_BLANKET_LICENSE,Non-program material outside project code grant,Author explicitly excludes automatic program licensing of text/figures/docs/data
experiments/core_rebuild/runs/core_20261001_001/raw/formal_001/sessions/03_end.json,7c61edb14269130546d11d9056b580aef6e06582da36bd56d5c9c3dc77cf93b1,NO_NEW_BLANKET_LICENSE,Non-program material outside project code grant,Author explicitly excludes automatic program licensing of text/figures/docs/data
experiments/core_rebuild/runs/core_20261001_001/raw/formal_001/sessions/03_start.json,42823e92a9de7800f9bae8430abb4be074f2f7ef25924da039c1aded3e4d1805,NO_NEW_BLANKET_LICENSE,Non-program material outside project code grant,Author explicitly excludes automatic program licensing of text/figures/docs/data
experiments/core_rebuild/runs/core_20261001_001/raw/formal_001/sessions/04_end.json,aa99c905a84ccb324915882812edc87af2bc8351ed0467595c45bdac5f68d991,NO_NEW_BLANKET_LICENSE,Non-program material outside project code grant,Author explicitly excludes automatic program licensing of text/figures/docs/data
experiments/core_rebuild/runs/core_20261001_001/raw/formal_001/sessions/04_start.json,9ca6319eebc6212419f7c2ff56b0c539fc6292ca09850de1d0418603597c519b,NO_NEW_BLANKET_LICENSE,Non-program material outside project code grant,Author explicitly excludes automatic program licensing of text/figures/docs/data
experiments/core_rebuild/runs/core_20261001_001/raw/formal_001/sessions/05_end.json,6ec395f63721c46745d29c0cca455c78db62ca8bcdb4a6c9cc77163ac08fbb4d,NO_NEW_BLANKET_LICENSE,Non-program material outside project code grant,Author explicitly excludes automatic program licensing of text/figures/docs/data
experiments/core_rebuild/runs/core_20261001_001/raw/formal_001/sessions/05_start.json,99b71f09a32427545548cbcac10ff2f5732fc876ffc4755136f9c2d0541753a6,NO_NEW_BLANKET_LICENSE,Non-program material outside project code grant,Author explicitly excludes automatic program licensing of text/figures/docs/data
experiments/core_rebuild/runs/core_20261001_001/raw/formal_001/sessions/06_end.json,a1e52ba2ca051f8aade8b0d14ad7d5c260b285c139f3630cb6814406e11752e4,NO_NEW_BLANKET_LICENSE,Non-program material outside project code grant,Author explicitly excludes automatic program licensing of text/figures/docs/data
experiments/core_rebuild/runs/core_20261001_001/raw/formal_001/sessions/06_start.json,7c3db67d28aa1edb869508b9f31fab8a41961f1f1aaa7b089139b2bff3a042a7,NO_NEW_BLANKET_LICENSE,Non-program material outside project code grant,Author explicitly excludes automatic program licensing of text/figures/docs/data
experiments/core_rebuild/runs/core_20261001_001/raw/formal_001/sessions/07_end.json,bb089cea7211c7b213e46151a1d9bedbba5ccd3c37936fa33f60663beb7cb6c7,NO_NEW_BLANKET_LICENSE,Non-program material outside project code grant,Author explicitly excludes automatic program licensing of text/figures/docs/data
experiments/core_rebuild/runs/core_20261001_001/raw/formal_001/sessions/07_start.json,4ad1dd9ce3b956191a3039464654e46d233f1f93aa14f6eb4ee2f2a74f79faf3,NO_NEW_BLANKET_LICENSE,Non-program material outside project code grant,Author explicitly excludes automatic program licensing of text/figures/docs/data
experiments/core_rebuild/runs/core_20261001_001/raw/formal_001/sessions/08_end.json,269331d9db3ad054bfa5693bf4130b5586dc457aa8b0a67495c09f3118ef57dd,NO_NEW_BLANKET_LICENSE,Non-program material outside project code grant,Author explicitly excludes automatic program licensing of text/figures/docs/data
experiments/core_rebuild/runs/core_20261001_001/raw/formal_001/sessions/08_start.json,ebf810d3a49ede929a24ce7e8637e244e284aa164d41f7c7a8f01d355edddb72,NO_NEW_BLANKET_LICENSE,Non-program material outside project code grant,Author explicitly excludes automatic program licensing of text/figures/docs/data
experiments/core_rebuild/runs/core_20261001_001/raw/formal_001/sessions/09_end.json,20483db68c2d84327ef08545cd080796bb6ca1d6bc2f3bc631773aa56b9abdb5,NO_NEW_BLANKET_LICENSE,Non-program material outside project code grant,Author explicitly excludes automatic program licensing of text/figures/docs/data
experiments/core_rebuild/runs/core_20261001_001/raw/formal_001/sessions/09_start.json,ce66ba81a1ad24dc1758c1ada83e3d5538d9ccefc9c3fbdda69b3a00e73d7b91,NO_NEW_BLANKET_LICENSE,Non-program material outside project code grant,Author explicitly excludes automatic program licensing of text/figures/docs/data
experiments/core_rebuild/runs/core_20261001_001/raw/formal_001/sessions/10_end.json,94313574e38e0cfe3b6fbb9d27afff4067823edfd867de6a2e34d4709e0c6b2a,NO_NEW_BLANKET_LICENSE,Non-program material outside project code grant,Author explicitly excludes automatic program licensing of text/figures/docs/data
experiments/core_rebuild/runs/core_20261001_001/raw/formal_001/sessions/10_start.json,8726336941d593dc55daa3550dabc6c2e434ee1c7abad8c7c1d054c314f9cbc9,NO_NEW_BLANKET_LICENSE,Non-program material outside project code grant,Author explicitly excludes automatic program licensing of text/figures/docs/data
experiments/core_rebuild/runs/core_20261001_001/tuning/tuning_001/observations.json,33d32376a2fd0ce85e61ba8a519c329825e679d44529735bffcd44786d94ed30,NO_NEW_BLANKET_LICENSE,Non-program material outside project code grant,Author explicitly excludes automatic program licensing of text/figures/docs/data
experiments/core_rebuild/runs/core_20261001_001/tuning/tuning_001/rankings/00_matched.json,feed41e4e308a949cace3a71755bb5d20107bf26017d166923de85e5a1f0f83b,NO_NEW_BLANKET_LICENSE,Non-program material outside project code grant,Author explicitly excludes automatic program licensing of text/figures/docs/data
experiments/core_rebuild/runs/core_20261001_001/tuning/tuning_001/rankings/00_packed_and_independent.json,bdfede9aa24c93659d2d778d95556ed2488ae587c97970d3341d36bb92b8f99d,NO_NEW_BLANKET_LICENSE,Non-program material outside project code grant,Author explicitly excludes automatic program licensing of text/figures/docs/data
experiments/core_rebuild/runs/core_20261001_001/tuning/tuning_001/rankings/01_matched.json,596cbe68048f4cf4290cdd04d093456d852d018b6147ffcc7835b74db02bb32d,NO_NEW_BLANKET_LICENSE,Non-program material outside project code grant,Author explicitly excludes automatic program licensing of text/figures/docs/data
experiments/core_rebuild/runs/core_20261001_001/tuning/tuning_001/rankings/01_packed_and_independent.json,19d16bbe4e48cc418f093024e76670757633f31e19afb6d9cb2fabb4af20c222,NO_NEW_BLANKET_LICENSE,Non-program material outside project code grant,Author explicitly excludes automatic program licensing of text/figures/docs/data
experiments/core_rebuild/runs/core_20261001_001/tuning/tuning_001/rankings/02_matched.json,0b63d9f8102425bc6bc3830c8ca2dcc049ad7900893ca5ea08150a19f09278d4,NO_NEW_BLANKET_LICENSE,Non-program material outside project code grant,Author explicitly excludes automatic program licensing of text/figures/docs/data
experiments/core_rebuild/runs/core_20261001_001/tuning/tuning_001/rankings/02_packed_and_independent.json,4910fcef328a5158e8d18c7c3e3b5e0c4e92a9eac85def9af6a27f0460e056f6,NO_NEW_BLANKET_LICENSE,Non-program material outside project code grant,Author explicitly excludes automatic program licensing of text/figures/docs/data
experiments/core_rebuild/runs/core_20261001_001/tuning/tuning_001/rankings/03_matched.json,5dedbbc3afacb84fb377a7322a3dba4c3683940a1362c0f76f80e8ab3701551d,NO_NEW_BLANKET_LICENSE,Non-program material outside project code grant,Author explicitly excludes automatic program licensing of text/figures/docs/data
experiments/core_rebuild/runs/core_20261001_001/tuning/tuning_001/rankings/03_packed_and_independent.json,453a336ff10a13f1d5ea006fcdfb2b21ed15bd0f8f6baba8c4ec33575ecdab9e,NO_NEW_BLANKET_LICENSE,Non-program material outside project code grant,Author explicitly excludes automatic program licensing of text/figures/docs/data
experiments/core_rebuild/runs/core_20261001_001/tuning/tuning_001/rankings/04_matched.json,c76791b3d08b9ba2c16265f1135af0d131f5548fbe44b81bf2f711a63c01fa78,NO_NEW_BLANKET_LICENSE,Non-program material outside project code grant,Author explicitly excludes automatic program licensing of text/figures/docs/data
experiments/core_rebuild/runs/core_20261001_001/tuning/tuning_001/rankings/04_packed_and_independent.json,e1cff623b03bcbcf5e4ddb1e558d4a2d4c90e564110c178792a100330d15f23b,NO_NEW_BLANKET_LICENSE,Non-program material outside project code grant,Author explicitly excludes automatic program licensing of text/figures/docs/data
experiments/core_rebuild/runs/core_20261001_001/tuning/tuning_001/rankings/05_matched.json,0135bfb8f84380f9c1eceff778a154289aa1a28a5d7e248bae9647a12498de11,NO_NEW_BLANKET_LICENSE,Non-program material outside project code grant,Author explicitly excludes automatic program licensing of text/figures/docs/data
experiments/core_rebuild/runs/core_20261001_001/tuning/tuning_001/rankings/05_packed_and_independent.json,08608698b17861cbb181e9fbe106691eed232ecc3b9c877861ab8fb3b1dbbbc7,NO_NEW_BLANKET_LICENSE,Non-program material outside project code grant,Author explicitly excludes automatic program licensing of text/figures/docs/data
experiments/core_rebuild/runs/core_20261001_001/tuning/tuning_001/rankings/06_matched.json,f53055fd79124d6193fa0f5c5927e28ec5978bbd187e591a83cb5e5b923e6676,NO_NEW_BLANKET_LICENSE,Non-program material outside project code grant,Author explicitly excludes automatic program licensing of text/figures/docs/data
experiments/core_rebuild/runs/core_20261001_001/tuning/tuning_001/rankings/06_packed_and_independent.json,9e4f63f1357a439c99ea45a309858c08e36eafc2d7c4cff81baeda1929061b4f,NO_NEW_BLANKET_LICENSE,Non-program material outside project code grant,Author explicitly excludes automatic program licensing of text/figures/docs/data
experiments/core_rebuild/runs/core_20261001_001/tuning/tuning_001/rankings/07_matched.json,90dea4e75665b4f1c5e674aa4358cb67153c6c34b70196602744e989048154f0,NO_NEW_BLANKET_LICENSE,Non-program material outside project code grant,Author explicitly excludes automatic program licensing of text/figures/docs/data
experiments/core_rebuild/runs/core_20261001_001/tuning/tuning_001/rankings/07_packed_and_independent.json,63bab5eb76f7d15862d28e3ec75c70949bd39ceb1c941a31b870006cf16082f2,NO_NEW_BLANKET_LICENSE,Non-program material outside project code grant,Author explicitly excludes automatic program licensing of text/figures/docs/data
experiments/core_rebuild/runs/core_20261001_001/tuning/tuning_001/rankings/08_matched.json,a211196eac1e47155f82bb248e957497cca064d153e38b7efecd45bd8f26a583,NO_NEW_BLANKET_LICENSE,Non-program material outside project code grant,Author explicitly excludes automatic program licensing of text/figures/docs/data
experiments/core_rebuild/runs/core_20261001_001/tuning/tuning_001/rankings/08_packed_and_independent.json,2a524ae9ad8cfa3ac11c277ec5492c4c2a838be0c9152a054c5709c7556295dd,NO_NEW_BLANKET_LICENSE,Non-program material outside project code grant,Author explicitly excludes automatic program licensing of text/figures/docs/data
experiments/core_rebuild/runs/core_20261001_001/tuning/tuning_001/rankings/09_matched.json,855d724d2862c661366d9a3e3522f6c65bc0e63054d048783e56c687734b3b13,NO_NEW_BLANKET_LICENSE,Non-program material outside project code grant,Author explicitly excludes automatic program licensing of text/figures/docs/data
experiments/core_rebuild/runs/core_20261001_001/tuning/tuning_001/rankings/09_packed_and_independent.json,f5b7f6ba3066e5c0fe54e870305a9e765b5c594738901b3b9cd34c7e35601122,NO_NEW_BLANKET_LICENSE,Non-program material outside project code grant,Author explicitly excludes automatic program licensing of text/figures/docs/data
experiments/core_rebuild/runs/core_20261001_001/tuning/tuning_001/rankings/10_matched.json,3c21c3ad9e047c344bdf18f76c10405a5647576cf570accf7a3f17f943a318f9,NO_NEW_BLANKET_LICENSE,Non-program material outside project code grant,Author explicitly excludes automatic program licensing of text/figures/docs/data
experiments/core_rebuild/runs/core_20261001_001/tuning/tuning_001/rankings/10_packed_and_independent.json,2fcbf858a0eda9822f12872912ed42d767205fda4dc3311266517523d0d884b4,NO_NEW_BLANKET_LICENSE,Non-program material outside project code grant,Author explicitly excludes automatic program licensing of text/figures/docs/data
experiments/core_rebuild/runs/core_20261001_001/tuning/tuning_001/rankings/11_matched.json,099f471a6e3cb66d19440a62660190d5f14e9b83c7834bd9a8b3bdc9e90b1bc9,NO_NEW_BLANKET_LICENSE,Non-program material outside project code grant,Author explicitly excludes automatic program licensing of text/figures/docs/data
experiments/core_rebuild/runs/core_20261001_001/tuning/tuning_001/rankings/11_packed_and_independent.json,fb491b1bf70acbf06708ee294ba207680d82514687aa03f750242e1e5e919898,NO_NEW_BLANKET_LICENSE,Non-program material outside project code grant,Author explicitly excludes automatic program licensing of text/figures/docs/data
experiments/core_rebuild/runs/core_20261001_001/tuning/tuning_001/schedules/00_matched.json,e4bf99298519075ca0d2f6c340689bc349b4e759a69d89a7c6361e93f6625120,NO_NEW_BLANKET_LICENSE,Non-program material outside project code grant,Author explicitly excludes automatic program licensing of text/figures/docs/data
experiments/core_rebuild/runs/core_20261001_001/tuning/tuning_001/schedules/00_packed_and_independent.json,e5e480a779984ed5de1ab9c1238410d56eeed72726bf22f18d53470c3f5be999,NO_NEW_BLANKET_LICENSE,Non-program material outside project code grant,Author explicitly excludes automatic program licensing of text/figures/docs/data
experiments/core_rebuild/runs/core_20261001_001/tuning/tuning_001/schedules/01_matched.json,ec56ed7a4bd94acf38018ae10e066975c5ee30c76ebf2da59ee3f5ade7f5e6eb,NO_NEW_BLANKET_LICENSE,Non-program material outside project code grant,Author explicitly excludes automatic program licensing of text/figures/docs/data
experiments/core_rebuild/runs/core_20261001_001/tuning/tuning_001/schedules/01_packed_and_independent.json,68ca0bd12a3a17e945228b9df923100bd42e41a643d73e9e2a1e43f91166aab5,NO_NEW_BLANKET_LICENSE,Non-program material outside project code grant,Author explicitly excludes automatic program licensing of text/figures/docs/data
experiments/core_rebuild/runs/core_20261001_001/tuning/tuning_001/schedules/02_matched.json,0396f6dedbda0cf2bede5f97d146e99fea0c338f7d7be3e644ebd382297d13a3,NO_NEW_BLANKET_LICENSE,Non-program material outside project code grant,Author explicitly excludes automatic program licensing of text/figures/docs/data
experiments/core_rebuild/runs/core_20261001_001/tuning/tuning_001/schedules/02_packed_and_independent.json,5ae60ee4c3533c6bc63d4d606ada35198e120c20f8994e7f543a5e70edc02c84,NO_NEW_BLANKET_LICENSE,Non-program material outside project code grant,Author explicitly excludes automatic program licensing of text/figures/docs/data
experiments/core_rebuild/runs/core_20261001_001/tuning/tuning_001/schedules/03_matched.json,2d7453c134e5326b53f61ced1f8dfcdb5a20c8952c18278b6956f7585d6a0886,NO_NEW_BLANKET_LICENSE,Non-program material outside project code grant,Author explicitly excludes automatic program licensing of text/figures/docs/data
experiments/core_rebuild/runs/core_20261001_001/tuning/tuning_001/schedules/03_packed_and_independent.json,b9dba20be569b1f3aa844561d4980176af68ee388063b7760f67959142a6430a,NO_NEW_BLANKET_LICENSE,Non-program material outside project code grant,Author explicitly excludes automatic program licensing of text/figures/docs/data
experiments/core_rebuild/runs/core_20261001_001/tuning/tuning_001/schedules/04_matched.json,2d5c5041e9089edbc61a765c0f597905862d6f34b630a1e403a78493b0441208,NO_NEW_BLANKET_LICENSE,Non-program material outside project code grant,Author explicitly excludes automatic program licensing of text/figures/docs/data
experiments/core_rebuild/runs/core_20261001_001/tuning/tuning_001/schedules/04_packed_and_independent.json,0f0177cae0b78f8e6581e06717e26883e972a05fedef819cc97516cc9578c74d,NO_NEW_BLANKET_LICENSE,Non-program material outside project code grant,Author explicitly excludes automatic program licensing of text/figures/docs/data
experiments/core_rebuild/runs/core_20261001_001/tuning/tuning_001/schedules/05_matched.json,e899e3444482ff243e3d839795707d95fab3d90b5b7fdd8f814c77b4f90641c1,NO_NEW_BLANKET_LICENSE,Non-program material outside project code grant,Author explicitly excludes automatic program licensing of text/figures/docs/data
experiments/core_rebuild/runs/core_20261001_001/tuning/tuning_001/schedules/05_packed_and_independent.json,f7a60b73a301ecb97cc15104c98ecd1ceeaa07abb1ea34b8e43d3606020703bb,NO_NEW_BLANKET_LICENSE,Non-program material outside project code grant,Author explicitly excludes automatic program licensing of text/figures/docs/data
experiments/core_rebuild/runs/core_20261001_001/tuning/tuning_001/schedules/06_matched.json,bf545af2391a1739804f7df45770b5b4750cef13c197ada7b79789d1f6c22ec3,NO_NEW_BLANKET_LICENSE,Non-program material outside project code grant,Author explicitly excludes automatic program licensing of text/figures/docs/data
experiments/core_rebuild/runs/core_20261001_001/tuning/tuning_001/schedules/06_packed_and_independent.json,9763887daa1cc864c181e63789a1c4f0367e83ac04413b2151be0ebfa100c035,NO_NEW_BLANKET_LICENSE,Non-program material outside project code grant,Author explicitly excludes automatic program licensing of text/figures/docs/data
experiments/core_rebuild/runs/core_20261001_001/tuning/tuning_001/schedules/07_matched.json,7d4b721d28b38eb432fa509c1ef6b3c7b93c15e1290546a5ae4401a278753682,NO_NEW_BLANKET_LICENSE,Non-program material outside project code grant,Author explicitly excludes automatic program licensing of text/figures/docs/data
experiments/core_rebuild/runs/core_20261001_001/tuning/tuning_001/schedules/07_packed_and_independent.json,9738b7caad4b7daae56771e2d9239d4169eac76ed3306c992ab5635f03f1ef26,NO_NEW_BLANKET_LICENSE,Non-program material outside project code grant,Author explicitly excludes automatic program licensing of text/figures/docs/data
experiments/core_rebuild/runs/core_20261001_001/tuning/tuning_001/schedules/08_matched.json,fa213563828c7c1b291d31cc6996ba74fc37ae6aedb64ccf4d7caabeb0f5c620,NO_NEW_BLANKET_LICENSE,Non-program material outside project code grant,Author explicitly excludes automatic program licensing of text/figures/docs/data
experiments/core_rebuild/runs/core_20261001_001/tuning/tuning_001/schedules/08_packed_and_independent.json,7ef634cdbce4443dfc089e52414034a8e727afe19723173f8a49849250a32cd1,NO_NEW_BLANKET_LICENSE,Non-program material outside project code grant,Author explicitly excludes automatic program licensing of text/figures/docs/data
experiments/core_rebuild/runs/core_20261001_001/tuning/tuning_001/schedules/09_matched.json,0b91bd826904122ea81a86741f10b34b88a8e3e47bf4f179fb9b99d3d848135f,NO_NEW_BLANKET_LICENSE,Non-program material outside project code grant,Author explicitly excludes automatic program licensing of text/figures/docs/data
experiments/core_rebuild/runs/core_20261001_001/tuning/tuning_001/schedules/09_packed_and_independent.json,52c2cf6c984fd863c44f887ca9574078d37acd622c5b2bf65624a3d0fd187bea,NO_NEW_BLANKET_LICENSE,Non-program material outside project code grant,Author explicitly excludes automatic program licensing of text/figures/docs/data
experiments/core_rebuild/runs/core_20261001_001/tuning/tuning_001/schedules/10_matched.json,a996ce2234806c215ad14d02bc09734ea9e4062e1d9fc43d2e80bea33c750294,NO_NEW_BLANKET_LICENSE,Non-program material outside project code grant,Author explicitly excludes automatic program licensing of text/figures/docs/data
experiments/core_rebuild/runs/core_20261001_001/tuning/tuning_001/schedules/10_packed_and_independent.json,eeffd40cdb139f8854c03cf3b0f2b285ffb219833623b64d0232fbf661cd1aac,NO_NEW_BLANKET_LICENSE,Non-program material outside project code grant,Author explicitly excludes automatic program licensing of text/figures/docs/data
experiments/core_rebuild/runs/core_20261001_001/tuning/tuning_001/schedules/11_matched.json,b31925c934d766b93bc0cbc510f8609a7038a35f98e8e8bbb5858151fff4d56f,NO_NEW_BLANKET_LICENSE,Non-program material outside project code grant,Author explicitly excludes automatic program licensing of text/figures/docs/data
experiments/core_rebuild/runs/core_20261001_001/tuning/tuning_001/schedules/11_packed_and_independent.json,d141be0cf8b9d81f080bd1aa23d4547b6de382f9e9e9e9b5fb171c2c2e2ce246,NO_NEW_BLANKET_LICENSE,Non-program material outside project code grant,Author explicitly excludes automatic program licensing of text/figures/docs/data
experiments/core_rebuild/runs/core_20261001_001/tuning/tuning_001/tuning_report.json,581acbc0dfbf0d62488760b7de6de6e9d41b2c443f7b248f8aeca0c670d27524,NO_NEW_BLANKET_LICENSE,Non-program material outside project code grant,Author explicitly excludes automatic program licensing of text/figures/docs/data
experiments/core_rebuild/runs/core_20261001_001/tuning/tuning_001/winners/00.json,3fcc9c4692de16835c484b87e0837011023b70091b5d39f99d064107ab9991b6,NO_NEW_BLANKET_LICENSE,Non-program material outside project code grant,Author explicitly excludes automatic program licensing of text/figures/docs/data
experiments/core_rebuild/runs/core_20261001_001/tuning/tuning_001/winners/01.json,4118039e2e1ae67be259745a3031fcca5d3cbaae68b6c699a4fcc56e6d41d164,NO_NEW_BLANKET_LICENSE,Non-program material outside project code grant,Author explicitly excludes automatic program licensing of text/figures/docs/data
experiments/core_rebuild/runs/core_20261001_001/tuning/tuning_001/winners/02.json,f2c0f2808aa80f4ef03e5222babfb0004c06da8caa6ef51e660e5accd9fec7d6,NO_NEW_BLANKET_LICENSE,Non-program material outside project code grant,Author explicitly excludes automatic program licensing of text/figures/docs/data
experiments/core_rebuild/runs/core_20261001_001/tuning/tuning_001/winners/03.json,ce6400e9365a5aa302fa28e5335c1c5ea3e356358fe5dcfd0c708b630471e813,NO_NEW_BLANKET_LICENSE,Non-program material outside project code grant,Author explicitly excludes automatic program licensing of text/figures/docs/data
experiments/core_rebuild/runs/core_20261001_001/tuning/tuning_001/winners/04.json,b0e22a5681ee4d1ec20fbbfb387cdf11fe7a2ee5f726c77a2c1a3801be2341a9,NO_NEW_BLANKET_LICENSE,Non-program material outside project code grant,Author explicitly excludes automatic program licensing of text/figures/docs/data
experiments/core_rebuild/runs/core_20261001_001/tuning/tuning_001/winners/05.json,c2cc45e11baf3335f7a18ccd9f46c9115070e4c809b4328e94686a5bccbf6e85,NO_NEW_BLANKET_LICENSE,Non-program material outside project code grant,Author explicitly excludes automatic program licensing of text/figures/docs/data
experiments/core_rebuild/runs/core_20261001_001/tuning/tuning_001/winners/06.json,8273e7c0a6e22ea3963d3eb505f58df7cdb3ca7a025f8e96d23865be4ab5ea23,NO_NEW_BLANKET_LICENSE,Non-program material outside project code grant,Author explicitly excludes automatic program licensing of text/figures/docs/data
experiments/core_rebuild/runs/core_20261001_001/tuning/tuning_001/winners/07.json,eecfe76386a28938873576d68123c957641cf92545d545203ffd61d7d86b2f1d,NO_NEW_BLANKET_LICENSE,Non-program material outside project code grant,Author explicitly excludes automatic program licensing of text/figures/docs/data
experiments/core_rebuild/runs/core_20261001_001/tuning/tuning_001/winners/08.json,e1582f95a695d4514f6d26ab6e772e46c58f326666f6d02d8366b5ae0ba05fc1,NO_NEW_BLANKET_LICENSE,Non-program material outside project code grant,Author explicitly excludes automatic program licensing of text/figures/docs/data
experiments/core_rebuild/runs/core_20261001_001/tuning/tuning_001/winners/09.json,1466439061aceb932ff6f166892f5a9d4a83073c84bc76c0331535d81e5af9d3,NO_NEW_BLANKET_LICENSE,Non-program material outside project code grant,Author explicitly excludes automatic program licensing of text/figures/docs/data
experiments/core_rebuild/runs/core_20261001_001/tuning/tuning_001/winners/10.json,0269f4e546d1db8ea65ed165637d5bc287eed6987c4b55ea5ea8ea7eda85f1a2,NO_NEW_BLANKET_LICENSE,Non-program material outside project code grant,Author explicitly excludes automatic program licensing of text/figures/docs/data
experiments/core_rebuild/runs/core_20261001_001/tuning/tuning_001/winners/11.json,ab9f1b4504c3636bf6fb9eee43e994419c6e7ad4190a2787aff62fe57a9f8fea,NO_NEW_BLANKET_LICENSE,Non-program material outside project code grant,Author explicitly excludes automatic program licensing of text/figures/docs/data
experiments/core_rebuild/scripts/analyze.py,8d9ed6cbcc320fa1ac46aba7861b92ea5a5c6df5a6f2a0a3f2c3e0aba5ce1f53,GPL-3.0-or-later,Project-owned program contribution,Author authorized project-owned incremental implementation programs under GPL-3.0-or-later
experiments/core_rebuild/scripts/build.py,0c4004bfb6b6d184bbd530792a5e8258ace6edf6aecb2e309f812ede0f8b6ece,GPL-3.0-or-later,Project-owned program contribution,Author authorized project-owned incremental implementation programs under GPL-3.0-or-later
experiments/core_rebuild/scripts/build_unit.py,b8655e0e3786833990632c1c2dcc7c575e046520ab68a641173f8241135a233a,GPL-3.0-or-later,Project-owned program contribution,Author authorized project-owned incremental implementation programs under GPL-3.0-or-later
experiments/core_rebuild/scripts/check_scripts.py,9ff607939d3caab1952cb125d45a1f3068aa98daaebc1a8df231cb91367943bb,GPL-3.0-or-later,Project-owned program contribution,Author authorized project-owned incremental implementation programs under GPL-3.0-or-later
experiments/core_rebuild/scripts/common.py,873acdcdba4634404f880fd8c59438f60f9fb5d5b1b74b434348d5fb0ff92c91,GPL-3.0-or-later,Project-owned program contribution,Author authorized project-owned incremental implementation programs under GPL-3.0-or-later
experiments/core_rebuild/scripts/formal.py,bad4b580477c82503b5e2223e4a3bd9c07ef553b37d688b1eab06009031bba9c,GPL-3.0-or-later,Project-owned program contribution,Author authorized project-owned incremental implementation programs under GPL-3.0-or-later
experiments/core_rebuild/scripts/freeze.py,1c9b2520739302a69e0c20003d5d134272dca55f75c88fa9de3a55b3d4334164,GPL-3.0-or-later,Project-owned program contribution,Author authorized project-owned incremental implementation programs under GPL-3.0-or-later
experiments/core_rebuild/scripts/functional.py,d7ff28dbcdd9919bccee69d6811403678d6db94deaaf5d8bb06329f45d79d078,GPL-3.0-or-later,Project-owned program contribution,Author authorized project-owned incremental implementation programs under GPL-3.0-or-later
experiments/core_rebuild/scripts/pilot.py,76dd7ab324ad54d77ef8a3c57da6dcbec22cb1665657a6e415b47deac9b3cb0e,GPL-3.0-or-later,Project-owned program contribution,Author authorized project-owned incremental implementation programs under GPL-3.0-or-later
experiments/core_rebuild/scripts/pilot_refine.py,fa2d955dbc0c398f8f8941571936e70db845361a7f5b673af7b3319ac51bcff1,GPL-3.0-or-later,Project-owned program contribution,Author authorized project-owned incremental implementation programs under GPL-3.0-or-later
experiments/core_rebuild/scripts/plots.py,e2c11cd376fe425e139f706839dab4c10cadc34c52bda5e98381970e62f1a501,GPL-3.0-or-later,Project-owned program contribution,Author authorized project-owned incremental implementation programs under GPL-3.0-or-later
experiments/core_rebuild/scripts/preflight.py,e960385eb53df2a84625798063f72709d471aefc2d6ba7cfa7dc6a677712dd82,GPL-3.0-or-later,Project-owned program contribution,Author authorized project-owned incremental implementation programs under GPL-3.0-or-later
experiments/core_rebuild/scripts/resource_probe.py,c79b2e14cd83edcf5c84a02cc30e4e4720dd60fca88591e6b09b86e09b999d7d,GPL-3.0-or-later,Project-owned program contribution,Author authorized project-owned incremental implementation programs under GPL-3.0-or-later
experiments/core_rebuild/scripts/resources.py,1e0cc0cd7627bde8852973ea07c4d49d360214ca68e83937b25228f6ed1057f4,GPL-3.0-or-later,Project-owned program contribution,Author authorized project-owned incremental implementation programs under GPL-3.0-or-later
experiments/core_rebuild/scripts/runner.py,7284412bc5fe14dba88bf9603b8b1ec3602be1a48d460c291b5e30a442078058,GPL-3.0-or-later,Project-owned program contribution,Author authorized project-owned incremental implementation programs under GPL-3.0-or-later
experiments/core_rebuild/scripts/summarize.py,ed4bfc42da9fe4c8f3d8b997603607a9d18c198e407e2b2a2aecd6cb01cf9bea,GPL-3.0-or-later,Project-owned program contribution,Author authorized project-owned incremental implementation programs under GPL-3.0-or-later
experiments/core_rebuild/scripts/tune.py,0e93ab27a95c91ef6e7a1412112beece08a17daaa8dbd954622e6e4456356fdd,GPL-3.0-or-later,Project-owned program contribution,Author authorized project-owned incremental implementation programs under GPL-3.0-or-later
experiments/core_rebuild/src/core_native.cpp,a1df94dfa85f7097bbf3352c766c8420520c4902d55df7c29badb747ce038753,GPL-3.0-or-later,Project-owned program contribution,Author authorized project-owned incremental implementation programs under GPL-3.0-or-later
experiments/core_rebuild/src/core_native.hpp,e6646abcae4cba7776fb74be589d7b04df743b49c5a70e1cefdabb185e88ae6e,GPL-3.0-or-later,Project-owned program contribution,Author authorized project-owned incremental implementation programs under GPL-3.0-or-later
experiments/core_rebuild/tests/test_analysis.py,07c4ade581a9e32cb27b7f843b929366c7eb33bded92af8a53620cbafb39b1c2,GPL-3.0-or-later,Project-owned program contribution,Author authorized project-owned incremental implementation programs under GPL-3.0-or-later
experiments/core_rebuild/tests/test_native_unit.cpp,e1dc0e9e8e4be0a41317b37a9656d4956dc285161fdc912f0a1c85721b61ad86,GPL-3.0-or-later,Project-owned program contribution,Author authorized project-owned incremental implementation programs under GPL-3.0-or-later
manifests/upstream-build-environment.json,19acb1fe7b90ada0160b403c4fff0b52645b1ca2dd54db9c7cf0ab8e118128c1,NO_NEW_BLANKET_LICENSE,Non-program material outside project code grant,Author explicitly excludes automatic program licensing of text/figures/docs/data
requirements-analysis.txt,9df64c193d6294e71dfca6e9f9588c1c525f9243ab201d264428e9e1434beb8d,NO_NEW_BLANKET_LICENSE,Non-program material outside project code grant,Author explicitly excludes automatic program licensing of text/figures/docs/data
scripts/fetch_upstream.py,325edaad68e425f2f55e9a958069891200a477312cc6cacdaa21aac770081e00,GPL-3.0-or-later,Authorized project program contributions; no header edits,Author explicit instruction 2026-09-26
scripts/verify_release.py,76ffa945530ec5c901bf54a9c283678baa8582e831cd81ea4817a61eb5731bb0,GPL-3.0-or-later,Authorized project program contributions; no header edits,Author explicit instruction 2026-09-26
