path,bytes,sha256
.gitattributes,8,705fd4d6451a31d36b3df7de96f83f30ac976c9b4a6d1e51671d8e2f33e2d0da
.gitignore,181800,2bd26ddcb5c28050b2245af2c0683a2b5625bfad108c96934dca4d4298f1e836
CITATION.cff,754,444158ab40b1f751538a5ef98aab2f96912c6c5fe5d130e42efc161988e4a972
LICENSE,35147,8ceb4b9ee5adedde47b31e975c1d90c73ad27b6b165a1dcd80c7c545eb65b903
LICENSE_SCOPE.csv,623777,62499d7c8682203d8406a2a2867f2079e537afa8e41481d60490af56a499e324
README.md,7916,6602d14ad26f5b51cc359576a27154833bf8064226a433894b171a52de5aba43
THIRD_PARTY_NOTICES.md,5579,9d26f96c3f3ae3ba901b56943c7882d93c08f072cf5045d793ae1d8f9e7433ba
artifact/README.md,19385,24c100d1ba268d8b3c2e294064108e645ab902b65bc5c3e8ca264c7331add792
artifact/SUPPLEMENTARY_METHODS.md,21371,eae80d1e82b3107c128512d71bcca211a419b7d551010c6b8aca9cba8890d51a
artifact/generated/payload_table.tex,1150,17639cf8bdae30b99b6e0e529e4b90df3969849917006a9101c267cd95c2ed92
artifact/scripts/analyze_b3.py,21655,f2713759ab5a9538a978278a9782ac3f61be3b751f5df52316f04f652e888456
artifact/scripts/b3_common.py,4421,c975793d7af1b5a0f9e17f8d3fcc1d451c879adf6eb20576411c6a371f116288
artifact/scripts/b3_runner.py,14617,a645e50e8cec343a693d72556ef00af13bb39fb2eccf941f994dcd652aa2105d
artifact/scripts/build_b3.py,13757,5ed32ccd63bc103cf5a83b814acc062f18a72db406126bb84d37d0c8507dd32d
artifact/scripts/capacity_accounting.py,18918,7e8c076e1d8d5d132ceb0382abb86a091225dfc4da598d28495707b5f8756b58
artifact/scripts/execute_b3.py,23555,4fd0961af9cfd980026f633ca83ea534be54bbdc26859cb3aeecf8b9718a4ddf
artifact/scripts/recompute_accounting.py,2100,946c29db65fbc70820d5b89e0151430f8f7bedbc92e52ed4c11889eb59dd2494
artifact/scripts/recompute_historical.py,25801,7dc7a9a873778cc83882eeee94c9f5b4c74d14e26c44cf5bb8693c4e1aad6659
artifact/scripts/render_historical_displays.py,13362,ddc705193fbc770f1da9a88e673ce720dfbd2f7520fe63f81bdec3ae9e2490e1
artifact/tests/test_b3_analysis.py,8510,ca68064328f1803c93e24530d9dd7df6df8245d9480cea5bbc8cb2fafb95ac79
artifact/tests/test_b3_native.py,10455,67ab2073df47c420422e439d651bc54e79e9e83d285c4b5c77526b181ffde5dd
artifact/tests/test_b3_runner.py,20070,d6f8fbdb277b5549deaa1d515d05e175d6b4679f48fe28791978a482be6e4494
artifact/tests/test_b3_schedule.py,7089,c02752b6ad607bb9377069d7e8638bf8d0c9be1089c8cf92477633a28fa32376
artifact/tests/test_capacity_accounting.py,7755,614813276b3ffc68b02ca023cc54cbffdf00cd1a82478a9af599372519180983
artifact/tests/test_historical.py,1804,fbb365f7a4838ef2868e86c3242ed284a7bfbf3bd5ab514150bd5d7e5c82480b
data/research-data-20260926.tar.gz,28726108,056cbacbf6c622d42c76aae8951ac9003792c4c4c07699dec3560e9c89373a05
docs/building.md,3888,8c218bf51020178bfdc174dbe8b9f4843a55c25b1d3507afe5637fd5f974522e
docs/data-layout.md,2259,7efbfa31266e4cbbe3fc6167cc588acb023d4635b04a0bc8c448dd21119b3c9e
docs/experiment-map.md,3564,6e0248e48626709f42663e6461e69201fa7e66994c88a02becfd75df63f9fd15
docs/license_policy.md,975,2d70edbe9d37245acf709dc27331fc0e29c50295170c6edcd7a2143ec71dcb24
docs/limitations.md,2174,a5328c88e3300ee8e2ea63756b76cb5a80d352ccea64daf7d7ac23b68c70ebeb
docs/methodology.md,4395,815fb32952c7680cc368e4f20e53b7040114a655e7bb1d9adbb68ca839c0de5f
docs/prior-work-comparison.md,8191,e8833e7d8725b6f68e3e156b6626d4ac2565b6125458286a4fea5fd66337626a
docs/validation.md,2841,ebf1b10ecae6e9d4831fa38550594558b5bd78ff2af79f3c0408c3424f8f1b06
manifests/data-archives.json,444983,be91531bdaa5c2fe99aa13939b79b6051baa548309a38387876ac8624918b9c1
manifests/local-validation.json,4459,e2e03c98f573e361df6f23f54ba5e9dadc04b16d65600cf98e4a36736b9f7d88
manifests/native-build-validation.json,43591,d5b0b6dbd0c1585bf74dad62cec70f4006236ea33bbc554c9f631ecbdfbc350c
manifests/native-functional-validation.json,786,5795376e1abbf8feac7d4806b59c5ed75dfd78104c7a17c46628373e3e349c16
manifests/provenance-map.csv,545756,80057162d3ac8f8433674eb9c8cbed43cbf7f5959a88a89e113207b240f70c47
manifests/upstream-acquisition.json,8692,c99a7f0d4badc587567b5ad41391faa06390f6983b738ae949ff5592fc0fa8e4
native_xpir/m1_adapter.hpp,4332,22d4e912d551f8ae2557c6b79524c2431565c0c82f505e08cfaa8cdc6c62a3d0
native_xpir/s4_n/e2e.cpp,17445,29643d26fab7de8cf4d9d9e1c72132ea40c18febb5d53af1f15dc22f5b21b978
native_xpir/s4_n/support.hpp,8099,3574d3b8c9ec832a0a958c79bea4c2bfd76c94e4317b243d146d950d27f07d9f
paper/generated/absolute.tex,813,f14801fc10cfa24ec15d557d996a589da675eb7808151fda69843d9db8515ac2
paper/generated/capacity.tex,1071,75a188e4f7292e7b33ed87db6e2012b7506a12e058ad59f8a0d94930e000c5a9
paper/generated/display_data.json,111127,737780073a3ef85198d4b772ad9f2e4015bb0689137ce2af717fac35f822033b
paper/generated/frontier.tex,1112,4daa378de62469bbc75dc506b959fc528c2070290494ceec298d5d5fbe3d78b8
paper/generated/multiplicity.tex,2071,31f179e945cc3530f604bb1c4b04bfc9c3c8330a0fa97b112c25883579e82652
paper/generated/payload.tex,847,1fb6344888fc6835d8c6862de01d1602f3f4cd0abaeb2144caa2140e6784de31
paper/generated/presentation_manifest.json,1714,0ff0e28c750715a4bede685ae99adfa5e872ad848bfa5b1cf102c0294d54350c
paper/generated/primary.pdf,36405,9ab5b2ae18aceb34d33f04828b7529b578c2b905d7d9a114cf6c41e5f24cc12c
paper/generated/primary.tex,384,97ac112cfe069c893c3644b8550eb687f7a079b489dcfbd096f45dad12dcccf8
paper/generated/sensitivity.tex,986,2e237f471ea6c6835a50a9af68fb85146ecf8ad41ad5187d7266aa508924ff44
paper/generated/supplement_tables.tex,8201,9ef4c2a12ad32d40701936cc88a229cbd6c98d8134ca26061ddbc73596d5016c
paper/main.tex,2804,3abbdfc1883cfeee07eeb1bf8152a6c69a892b16c0d27cc9d20e1af7b9f4d8fd
paper/pdf/main.pdf,557957,6aef93a68d6cef34a0d553b576b795f22a13183135b4cafcbbc0b3927fc283e2
paper/pdf/supplement.pdf,250267,8e4d51b68e5bee8f1133a27955a840f493ca4272e10c59e61ec19e3089cae68c
paper/preamble.tex,815,bb22217e9618662c985a4eeb4ab1dfc2ec6989ae08e77b8e64aff921bae0dde0
paper/references.bib,4987,6cb5e981b6377f9d9964f6f9de4467ae475485d59c7ca94252d110c0efe3b2c8
paper/sections/analysis.tex,14033,50ca2111b8e569702c6822f6a6d25389f905d297bfd9588d3e2accc186ba9ae9
paper/sections/availability.tex,300,5f8b5e27da52d7e7fd81837d209958e07bde2ef0f0410960f9aca3d5bcee7f8e
paper/sections/conclusion.tex,1059,e9e5edf4008ee30f563522c03e405c79db076edc3c1a7c86814ebaaa04120795
paper/sections/construction.tex,9794,200b907a2a314d6ab33903b109a2b7f9d804bb825c449c2daae3af637c21d09e
paper/sections/discussion.tex,3184,b6726d160aea3251e72a0abb186ea4763b20864b03ed1b817159cd2481fa1106
paper/sections/evaluation.tex,12275,4027e5674a2efe0961595064261389cc2727106a9cb7d2fba348271a400ebe4d
paper/sections/introduction.tex,2905,5016695bcc0d53c4af2dbceca28f49909b8611a84ed9be4ee03a6c3f8927f2da
paper/sections/model.tex,11655,bea3e6e7be5962dfb9498160e0eba6cee7911ab6e0b6030b77f3ce3a0f7db523
paper/sections/proofs.tex,6746,ad67a4b8a6ce0c797ba521ee36d649676c3619eb1fe660f2553c9bbddba2c628
paper/sections/related.tex,6579,bbe59dadd862594544e3ef737ba304245790989d59eea7a6d800a6e57fae2b1b
paper/sections/reliability_supplement.tex,546,b568074bbe155030ed362262f482c60d427cd1dbc205764266b4cdde716c087a
paper/submission_notes.md,1109,8487e170b474c0f7ad35bcc66c301486869e92907ae5335faf4f39112c485a28
paper/supplement.tex,781,8620b9f5720437964c01da4ca0edfcd2e1a70e5ed804a4660f74d8aff06afde1
requirements-analysis.txt,33,be225966666ca333d49b61b5f4911495bedfe676ca3c9554b6e333ed8aaba5b9
revision_notes/manuscript_integration/build_displays.py,11528,2bd9740fad14f4bb9671fda93964a0e5728e72cea7dbd6d79659587defeb88b7
revision_notes/manuscript_integration/displays/F1_primary.pdf,36584,bc4167740804a86ae2048f806108df1d1bb417d6d1289be35f816cd931d9d2a0
revision_notes/manuscript_integration/displays/F1_primary.tex,720,92a7c4808e0f6ddcb9f7020a270977823844f820344328374b1ab853465160a9
revision_notes/manuscript_integration/displays/T1_frontier.tex,1804,3a0b9468e4bfaa75ad7bf1f384a63416f4a7a4fbb3033e67aeae7e424b77ae5a
revision_notes/manuscript_integration/displays/T2_scalability.tex,2793,4c74d284aab1c812ed370e5babb91a926664f62c96ec6c6f2c0a0a95cd5ae5b0
scripts/check_accounting_portability.py,1419,7745cbcae88180e4f14fb85c264b55f7da98693690fe3e44d6274d375871d34d
scripts/check_native_guards.cpp,1116,11e6db95930c85d1e8b78cd21cb978f327be71dfde8f5304b5a14d7b3c5268df
scripts/fetch_upstream.py,12515,0bf629f164fab76e03b72bfa8acc81266465d233619ed7ba4aed59d803c8276d
scripts/present_results.py,11842,54ec759e3686d01209eedd28767dbe5c67b85b8359b32ecfff80b95af3199805
scripts/unpack_data.py,1895,50541a77a6055dc3ca33b1019b22e272f4a6a2f4fdc052423e0f9d543e759d21
scripts/verify_release.py,975,752f2213aafb90dee375f7a2dddbe991f3328a5c7838b4a0a53b4efe81ac4ac1
submission/README.md,666,08eec68d96e20dad408c41b6b1401448eabcea97e37c894aed57e0a034361e67
submission/flattening-map.json,6488,1788d0fcf1bef7aa11eadb120ca3f6e7e2090a98d7d541826f328cb37e705c2c
submission/jisa-source-20260926.zip,76501,d774c18344067b39069c372be693920b99b0c704474fa169bc8db2051cc70f56
tests/test_m1_encoding.py,14838,4efa21c3ba0f582ead5e741b9dadd1170591e9b8f13db9fea7dcbe1b8228047f
tests/test_m3_correctness.py,11456,13e369ded620405bc60a928a33664e5e81741d4271dfa4d80810e8df1130c9c3
tools/b2/b2_worker.cpp,16570,babf101f7b1daabad4ea0dbc809ce0f6f9f44edff35321b0afab84cb52870b83
tools/b2b/b2b_analyze.py,4716,69d52e268feb52a3e025941529894df70c0c80d49647fda2945bfcbf79ea9de4
tools/b2b/b2b_build.py,5135,635a2b3d84ebe91396be86f07b08dae98240705719ec2acafee4ed8b7f9992f3
tools/b2b/b2b_common.py,4352,05bb403c80951d4d7bd09e3d4ce465aaa7c40f87efb1fc6922518a63e35dee9a
tools/b2b/b2b_derive.py,7232,9a0328260e9c69a4760feae8dcf5cd6d3fc9a31b54a0d96e8a0afd2b149757e9
tools/b2b/b2b_environment.py,2304,d20037b44e3245a2c966a4539e3c99a62c37b013ae243f3dc96510159a724644
tools/b2b/b2b_finalize.py,14675,28e64e0dc0f4fc6c0f1f2b9376c2f7c10d598c48ea8d850fd0a3379d2d37c502
tools/b2b/b2b_native_verify.py,1277,9c2d984499afc470245d49328790e0b38f38d7b847cca198aa63cf7d685d3189
tools/b2b/b2b_prepare.py,18690,3c2d67cef375e3d1545c0a79aa95a639d2a1c65529fdec97ec7d3d16c276cdd8
tools/b2b/b2b_release.py,3492,7aa70aa13797b78336108e7e6c80ecf8cf3220eb424250ef933eb0290bf2f728
tools/b2b/b2b_runner.py,15079,7f00d1203f9c4da74ef7a3b2451fb9767acd71b9bd71420df093ba7b6223267f
tools/b2b/b2b_schedule.py,1906,7892138dc1a078dba9030558b68164e923fbcab57c5d7b2b1c55618b2020e382
tools/b2b/b2b_schema.py,3490,93aa38768e06fd60c8bc9e902a95357f7c88ee3d8782f844e576be5906ec7dd0
tools/b2b/b2b_smoke.py,1895,7e9fbc36a16a2a2f1d59ecde191be50150bf1f62b386d64301501d25d6647586
tools/b2b/b2b_worker.cpp,15495,e6ec7e7305934d6115fdee293fc31d05c3c69aebb0e9955addf9645b708edad1
tools/b2b/test_b2b.py,10334,2c9173a400ce7e70812d819bf014a4dd0e18fbcd4c18422308e76434046f41b5
tools/b2b/verify_manifest.py,3335,29e2bcefbbd6d454a17fe6bdef5f227cfafe55d03bcf5b0cf3cd13f3edac36bc
tools/benchmark/analysis.py,3588,56e0204c989ee0916e9afe0d3946737434f4e23bcb67e28ca74e145503a56d9c
tools/benchmark/b1_common.py,8885,fdfccb39ccb973d59d4e031d57e26371431e74bb7bd41b65ab34a7c9ff159be5
tools/benchmark/b1_launch.ps1,1275,df3e0ffa964dd33a7aa7e2d0d6467308db5ff14e9e4d8139eb1bed4400297e18
tools/benchmark/b1_release.py,5286,2f1cd0d90cd6efee3f479112da3ff1d3fdc5b56d35352610b58d24f0f2a0c700
tools/benchmark/b1_report.py,18532,92a01856e9f59b49f449a895770192f928dbe9dd01decc76145e69b4e4b16224
tools/benchmark/b1_run.py,8371,7fef53c2303b5d7ed615fe3eae6c54ffee4868cafa77c3ada331f5a366589e98
tools/benchmark/b1_test.py,4015,64b1a60cf2b5b64e94d3bc960a3d66d329d98dc06e8287f3db9f122bdcfff0fb
tools/benchmark/b1_windows_snapshot.ps1,2371,77b3d2ec095f315635c49349ea11b508e723c4c6a4d8e8d1abe911bb58d64122
tools/benchmark/build.py,4207,5213cd0ab0e20ea336bc7abf89afb9872b8800c9e4642d035138df1aec538051
tools/benchmark/build/PIRReplyGeneratorNFL_internal.cpp,32240,eccd748704eddd38f6a34261a75b1a436726be421843263325711338ca80050a
tools/benchmark/dry_run_tests.py,8263,41f52695927c9cc8b7649c572830b4a75b1ca07dfead69d1b42616a7d6b2197c
tools/benchmark/freeze.py,13437,c10412b8e6a906b975b9e8ce38f97f81b9d982de3015d73978109d8d420630c7
tools/benchmark/manuscript.py,1793,4d95534a2b31ace400a9e15b1ddff9c34bd786a47a4b49a49121f6e39c6fd024
tools/benchmark/protect.py,2051,1f27c4e0335d672157a2261421a732e0145884208bbfae2851a5625a84dd80f2
tools/benchmark/release.py,3938,b56ccf0b98b4df586126debd0c074c08897d69f19add9c245d4b6902a4122768
tools/benchmark/runner.py,20556,71b19259e8046e056de8f66028acad72f9cc93cfaff116ed1e015fc663a90e7c
tools/benchmark/spec.py,4621,70bae995b8050753f2958e10c4fcba3d22616beac1488b71eabd0be0e7960861
tools/benchmark/validate.py,5208,be856b20d826800bb21985b25493bef87e664f13f5a46bebe92c6318d08b8e11
tools/benchmark/worker.cpp,12714,4a3dcb9f2aac1fba80631493b6b1652f871917bd899baec4ef45a26b6fd68374
tools/m3_correctness/model.py,2152,0327dd6ee78364e40248b77657f937461c6f994bf1609a9f0d7061fb3a7fbb5c
