condition_id,study,scope,N,alpha,ell_bits,shared_baseline_observations,method,config_id,rho_0,concurrency,threads,planned_J,actual_L,query_count,query_ciphertexts,reply_ciphertexts,query_buffer_bytes,reply_buffer_bytes
primary_N1024_a2_ell4096_included,primary,included,1024,2,4096,False,P,P_rho04_c1_t4,4,1,4,1024,1,1,1024,1,134217728,131072
primary_N1024_a2_ell4096_included,primary,included,1024,2,4096,False,R_matched,R_rho04_c2_t1,4,2,1,1024,1,2,2048,2,268435456,262144
primary_N1024_a2_ell4096_included,primary,included,1024,2,4096,False,R_independent,R_rho04_c2_t2,4,2,2,1024,1,2,2048,2,268435456,262144
primary_N1024_a2_ell4096_excluded,primary,excluded,1024,2,4096,False,P,P_rho04_c1_t4,4,1,4,1024,1,1,1024,1,134217728,131072
primary_N1024_a2_ell4096_excluded,primary,excluded,1024,2,4096,False,R_matched,R_rho04_c2_t1,4,2,1,1024,1,2,2048,2,268435456,262144
primary_N1024_a2_ell4096_excluded,primary,excluded,1024,2,4096,False,R_independent,R_rho04_c2_t2,4,2,2,1024,1,2,2048,2,268435456,262144
primary_N1024_a2_ell32768_included,primary,included,1024,2,32768,False,P,P_rho12_c1_t1,12,1,1,2731,1,1,1024,1,134217728,131072
primary_N1024_a2_ell32768_included,primary,included,1024,2,32768,False,R_matched,R_rho12_c2_t1,12,2,1,2731,1,2,2048,2,268435456,262144
primary_N1024_a2_ell32768_included,primary,included,1024,2,32768,False,R_independent,R_rho16_c2_t1,16,2,1,2048,1,2,2048,2,268435456,262144
primary_N1024_a2_ell32768_excluded,primary,excluded,1024,2,32768,False,P,P_rho12_c1_t1,12,1,1,2731,1,1,1024,1,134217728,131072
primary_N1024_a2_ell32768_excluded,primary,excluded,1024,2,32768,False,R_matched,R_rho12_c2_t1,12,2,1,2731,1,2,2048,2,268435456,262144
primary_N1024_a2_ell32768_excluded,primary,excluded,1024,2,32768,False,R_independent,R_rho16_c2_t1,16,2,1,2048,1,2,2048,2,268435456,262144
primary_N1024_a3_ell4096_included,primary,included,1024,3,4096,False,P,P_rho08_c1_t1,8,1,1,512,1,1,1024,1,134217728,131072
primary_N1024_a3_ell4096_included,primary,included,1024,3,4096,False,R_matched,R_rho08_c3_t1,8,3,1,512,1,3,3072,3,402653184,393216
primary_N1024_a3_ell4096_included,primary,included,1024,3,4096,False,R_independent,R_rho04_c3_t1,4,3,1,1024,1,3,3072,3,402653184,393216
primary_N1024_a3_ell4096_excluded,primary,excluded,1024,3,4096,False,P,P_rho08_c1_t1,8,1,1,512,1,1,1024,1,134217728,131072
primary_N1024_a3_ell4096_excluded,primary,excluded,1024,3,4096,False,R_matched,R_rho08_c3_t1,8,3,1,512,1,3,3072,3,402653184,393216
primary_N1024_a3_ell4096_excluded,primary,excluded,1024,3,4096,False,R_independent,R_rho04_c3_t1,4,3,1,1024,1,3,3072,3,402653184,393216
primary_N1024_a3_ell32768_included,primary,included,1024,3,32768,False,P,P_rho08_c1_t1,8,1,1,4096,1,1,1024,1,134217728,131072
primary_N1024_a3_ell32768_included,primary,included,1024,3,32768,False,R_matched,R_rho08_c3_t1,8,3,1,4096,1,3,3072,3,402653184,393216
primary_N1024_a3_ell32768_included,primary,included,1024,3,32768,False,R_independent,R_rho24_c3_t1,24,3,1,1366,1,3,3072,3,402653184,393216
primary_N1024_a3_ell32768_excluded,primary,excluded,1024,3,32768,False,P,P_rho08_c1_t1,8,1,1,4096,1,1,1024,1,134217728,131072
primary_N1024_a3_ell32768_excluded,primary,excluded,1024,3,32768,False,R_matched,R_rho08_c3_t1,8,3,1,4096,1,3,3072,3,402653184,393216
primary_N1024_a3_ell32768_excluded,primary,excluded,1024,3,32768,False,R_independent,R_rho24_c3_t1,24,3,1,1366,1,3,3072,3,402653184,393216
primary_N1024_a4_ell4096_included,primary,included,1024,4,4096,False,P,P_rho04_c1_t4,4,1,4,1024,1,1,1024,1,134217728,131072
primary_N1024_a4_ell4096_included,primary,included,1024,4,4096,False,R_matched,R_rho04_c4_t1,4,4,1,1024,1,4,4096,4,536870912,524288
primary_N1024_a4_ell4096_included,primary,included,1024,4,4096,False,R_independent,R_rho12_c4_t1,12,4,1,342,1,4,4096,4,536870912,524288
primary_N1024_a4_ell4096_excluded,primary,excluded,1024,4,4096,False,P,P_rho04_c1_t4,4,1,4,1024,1,1,1024,1,134217728,131072
primary_N1024_a4_ell4096_excluded,primary,excluded,1024,4,4096,False,R_matched,R_rho04_c4_t1,4,4,1,1024,1,4,4096,4,536870912,524288
primary_N1024_a4_ell4096_excluded,primary,excluded,1024,4,4096,False,R_independent,R_rho12_c4_t1,12,4,1,342,1,4,4096,4,536870912,524288
primary_N1024_a4_ell32768_included,primary,included,1024,4,32768,False,P,P_rho04_c1_t4,4,1,4,8192,2,1,1024,2,134217728,262144
primary_N1024_a4_ell32768_included,primary,included,1024,4,32768,False,R_matched,R_rho04_c4_t1,4,4,1,8192,2,4,4096,8,536870912,1048576
primary_N1024_a4_ell32768_included,primary,included,1024,4,32768,False,R_independent,R_rho16_c4_t1,16,4,1,2048,1,4,4096,4,536870912,524288
primary_N1024_a4_ell32768_excluded,primary,excluded,1024,4,32768,False,P,P_rho04_c1_t4,4,1,4,8192,2,1,1024,2,134217728,262144
primary_N1024_a4_ell32768_excluded,primary,excluded,1024,4,32768,False,R_matched,R_rho04_c4_t1,4,4,1,8192,2,4,4096,8,536870912,1048576
primary_N1024_a4_ell32768_excluded,primary,excluded,1024,4,32768,False,R_independent,R_rho16_c4_t1,16,4,1,2048,1,4,4096,4,536870912,524288
capacity_N1024_a2_ell49144_included,capacity,included,1024,2,49144,False,P,P_rho12_c1_t4,12,1,4,4096,1,1,1024,1,134217728,131072
capacity_N1024_a2_ell49144_included,capacity,included,1024,2,49144,False,R_matched,R_rho12_c2_t2,12,2,2,4096,1,2,2048,2,268435456,262144
capacity_N1024_a2_ell49144_included,capacity,included,1024,2,49144,False,R_independent,R_rho24_c2_t2,24,2,2,2048,1,2,2048,2,268435456,262144
capacity_N1024_a2_ell49144_excluded,capacity,excluded,1024,2,49144,False,P,P_rho12_c1_t4,12,1,4,4096,1,1,1024,1,134217728,131072
capacity_N1024_a2_ell49144_excluded,capacity,excluded,1024,2,49144,False,R_matched,R_rho12_c2_t2,12,2,2,4096,1,2,2048,2,268435456,262144
capacity_N1024_a2_ell49144_excluded,capacity,excluded,1024,2,49144,False,R_independent,R_rho24_c2_t2,24,2,2,2048,1,2,2048,2,268435456,262144
capacity_N1024_a2_ell49152_included,capacity,included,1024,2,49152,False,P,P_rho12_c1_t4,12,1,4,4096,1,1,1024,1,134217728,131072
capacity_N1024_a2_ell49152_included,capacity,included,1024,2,49152,False,R_matched,R_rho12_c2_t2,12,2,2,4096,1,2,2048,2,268435456,262144
capacity_N1024_a2_ell49152_included,capacity,included,1024,2,49152,False,R_independent,R_rho24_c2_t2,24,2,2,2048,1,2,2048,2,268435456,262144
capacity_N1024_a2_ell49152_excluded,capacity,excluded,1024,2,49152,False,P,P_rho12_c1_t4,12,1,4,4096,1,1,1024,1,134217728,131072
capacity_N1024_a2_ell49152_excluded,capacity,excluded,1024,2,49152,False,R_matched,R_rho12_c2_t2,12,2,2,4096,1,2,2048,2,268435456,262144
capacity_N1024_a2_ell49152_excluded,capacity,excluded,1024,2,49152,False,R_independent,R_rho24_c2_t2,24,2,2,2048,1,2,2048,2,268435456,262144
capacity_N1024_a2_ell49160_included,capacity,included,1024,2,49160,False,P,P_rho12_c1_t4,12,1,4,4097,2,1,1024,2,134217728,262144
capacity_N1024_a2_ell49160_included,capacity,included,1024,2,49160,False,R_matched,R_rho12_c2_t2,12,2,2,4097,2,2,2048,4,268435456,524288
capacity_N1024_a2_ell49160_included,capacity,included,1024,2,49160,False,R_independent,R_rho24_c2_t2,24,2,2,2049,1,2,2048,2,268435456,262144
capacity_N1024_a2_ell49160_excluded,capacity,excluded,1024,2,49160,False,P,P_rho12_c1_t4,12,1,4,4097,2,1,1024,2,134217728,262144
capacity_N1024_a2_ell49160_excluded,capacity,excluded,1024,2,49160,False,R_matched,R_rho12_c2_t2,12,2,2,4097,2,2,2048,4,268435456,524288
capacity_N1024_a2_ell49160_excluded,capacity,excluded,1024,2,49160,False,R_independent,R_rho24_c2_t2,24,2,2,2049,1,2,2048,2,268435456,262144
capacity_N1024_a2_ell98304_included,capacity,included,1024,2,98304,False,P,P_rho12_c1_t4,12,1,4,8192,2,1,1024,2,134217728,262144
capacity_N1024_a2_ell98304_included,capacity,included,1024,2,98304,False,R_matched,R_rho12_c2_t2,12,2,2,8192,2,2,2048,4,268435456,524288
capacity_N1024_a2_ell98304_included,capacity,included,1024,2,98304,False,R_independent,R_rho24_c2_t2,24,2,2,4096,1,2,2048,2,268435456,262144
capacity_N1024_a2_ell98304_excluded,capacity,excluded,1024,2,98304,False,P,P_rho12_c1_t4,12,1,4,8192,2,1,1024,2,134217728,262144
capacity_N1024_a2_ell98304_excluded,capacity,excluded,1024,2,98304,False,R_matched,R_rho12_c2_t2,12,2,2,8192,2,2,2048,4,268435456,524288
capacity_N1024_a2_ell98304_excluded,capacity,excluded,1024,2,98304,False,R_independent,R_rho24_c2_t2,24,2,2,4096,1,2,2048,2,268435456,262144
capacity_N1024_a4_ell24568_included,capacity,included,1024,4,24568,False,P,P_rho06_c1_t4,6,1,4,4095,1,1,1024,1,134217728,131072
capacity_N1024_a4_ell24568_included,capacity,included,1024,4,24568,False,R_matched,R_rho06_c4_t1,6,4,1,4095,1,4,4096,4,536870912,524288
capacity_N1024_a4_ell24568_included,capacity,included,1024,4,24568,False,R_independent,R_rho24_c4_t1,24,4,1,1024,1,4,4096,4,536870912,524288
capacity_N1024_a4_ell24568_excluded,capacity,excluded,1024,4,24568,False,P,P_rho06_c1_t4,6,1,4,4095,1,1,1024,1,134217728,131072
capacity_N1024_a4_ell24568_excluded,capacity,excluded,1024,4,24568,False,R_matched,R_rho06_c4_t1,6,4,1,4095,1,4,4096,4,536870912,524288
capacity_N1024_a4_ell24568_excluded,capacity,excluded,1024,4,24568,False,R_independent,R_rho24_c4_t1,24,4,1,1024,1,4,4096,4,536870912,524288
capacity_N1024_a4_ell24576_included,capacity,included,1024,4,24576,False,P,P_rho06_c1_t4,6,1,4,4096,1,1,1024,1,134217728,131072
capacity_N1024_a4_ell24576_included,capacity,included,1024,4,24576,False,R_matched,R_rho06_c4_t1,6,4,1,4096,1,4,4096,4,536870912,524288
capacity_N1024_a4_ell24576_included,capacity,included,1024,4,24576,False,R_independent,R_rho24_c4_t1,24,4,1,1024,1,4,4096,4,536870912,524288
capacity_N1024_a4_ell24576_excluded,capacity,excluded,1024,4,24576,False,P,P_rho06_c1_t4,6,1,4,4096,1,1,1024,1,134217728,131072
capacity_N1024_a4_ell24576_excluded,capacity,excluded,1024,4,24576,False,R_matched,R_rho06_c4_t1,6,4,1,4096,1,4,4096,4,536870912,524288
capacity_N1024_a4_ell24576_excluded,capacity,excluded,1024,4,24576,False,R_independent,R_rho24_c4_t1,24,4,1,1024,1,4,4096,4,536870912,524288
capacity_N1024_a4_ell24584_included,capacity,included,1024,4,24584,False,P,P_rho06_c1_t4,6,1,4,4098,2,1,1024,2,134217728,262144
capacity_N1024_a4_ell24584_included,capacity,included,1024,4,24584,False,R_matched,R_rho06_c4_t1,6,4,1,4098,2,4,4096,8,536870912,1048576
capacity_N1024_a4_ell24584_included,capacity,included,1024,4,24584,False,R_independent,R_rho24_c4_t1,24,4,1,1025,1,4,4096,4,536870912,524288
capacity_N1024_a4_ell24584_excluded,capacity,excluded,1024,4,24584,False,P,P_rho06_c1_t4,6,1,4,4098,2,1,1024,2,134217728,262144
capacity_N1024_a4_ell24584_excluded,capacity,excluded,1024,4,24584,False,R_matched,R_rho06_c4_t1,6,4,1,4098,2,4,4096,8,536870912,1048576
capacity_N1024_a4_ell24584_excluded,capacity,excluded,1024,4,24584,False,R_independent,R_rho24_c4_t1,24,4,1,1025,1,4,4096,4,536870912,524288
capacity_N1024_a4_ell49152_included,capacity,included,1024,4,49152,False,P,P_rho06_c1_t4,6,1,4,8192,2,1,1024,2,134217728,262144
capacity_N1024_a4_ell49152_included,capacity,included,1024,4,49152,False,R_matched,R_rho06_c4_t1,6,4,1,8192,2,4,4096,8,536870912,1048576
capacity_N1024_a4_ell49152_included,capacity,included,1024,4,49152,False,R_independent,R_rho24_c4_t1,24,4,1,2048,1,4,4096,4,536870912,524288
capacity_N1024_a4_ell49152_excluded,capacity,excluded,1024,4,49152,False,P,P_rho06_c1_t4,6,1,4,8192,2,1,1024,2,134217728,262144
capacity_N1024_a4_ell49152_excluded,capacity,excluded,1024,4,49152,False,R_matched,R_rho06_c4_t1,6,4,1,8192,2,4,4096,8,536870912,1048576
capacity_N1024_a4_ell49152_excluded,capacity,excluded,1024,4,49152,False,R_independent,R_rho24_c4_t1,24,4,1,2048,1,4,4096,4,536870912,524288
