cell_id,study,implementation_id,resource_policy_id,N,ell_bits,alpha,view,J,L,u,n_scheduled_measured_pairs,n_complete_measured_pairs,n_incomplete_measured_pairs,n_failed_measured_tasks,n_unstarted_measured_tasks,ratio_n,ratio_median,ratio_Q1,ratio_Q3,ratio_IQR,ratio_min,ratio_max,session_medians,observed_session_min,observed_session_max,packed_TaskTotal_ns_n,packed_TaskTotal_ns_median,packed_TaskTotal_ns_Q1,packed_TaskTotal_ns_Q3,packed_TaskTotal_ns_IQR,packed_TaskTotal_ns_min,packed_TaskTotal_ns_max,repeated_TaskTotal_ns_n,repeated_TaskTotal_ns_median,repeated_TaskTotal_ns_Q1,repeated_TaskTotal_ns_Q3,repeated_TaskTotal_ns_IQR,repeated_TaskTotal_ns_min,repeated_TaskTotal_ns_max
M6_I1R1_N1024_e512_COLD,M6,I1,R1,1024,512,2,COLD,64,1,0.03125,30,30,0,0,0,30,1.2167916951705893,1.0883207572202045,1.291595506709782,0.20327474948957747,1.02639282184524,1.4625101891163632,"{""M6-S1"": 1.1898424498323101, ""M6-S2"": 1.2167916951705893, ""M6-S3"": 1.246480208199301}",1.1898424498323101,1.246480208199301,30,802351997.5,771925985.75,834639793.5,62713807.75,751241221,899512350,30,969173709.0,928840721.25,1013938307.25,85097586.0,848929195,1109155046
M6_I1R2_N1024_e512_COLD,M6,I1,R2,1024,512,2,COLD,64,1,0.03125,30,30,0,0,0,30,1.1601351439440044,1.086492082108432,1.206461326650969,0.11996924454253688,0.9495121264657898,1.401164469348865,"{""M6-S1"": 1.1933180079415435, ""M6-S2"": 1.1400708227453906, ""M6-S3"": 1.1381192825954218}",1.1381192825954218,1.1933180079415435,30,826871737.5,798775664.25,868819533.75,70043869.5,776848786,894450872,30,954627008.5,921541563.5,998756830.0,77215266.5,827770470,1088492917
M6_I2R1_N1024_e512_COLD,M6,I2,R1,1024,512,2,COLD,64,1,0.03125,30,30,0,0,0,30,1.2092401075098793,1.1592359534068133,1.293063090186087,0.1338271367792736,1.0316763981358439,1.4121152916218707,"{""M6-S1"": 1.274047921926772, ""M6-S2"": 1.2092401075098793, ""M6-S3"": 1.2044319637368144}",1.2044319637368144,1.274047921926772,30,788249996.0,761574026.5,810076552.75,48502526.25,748250073,854304201,30,960143164.5,934089293.0,992096046.75,58006753.75,832849667,1092342689
M6_I2R2_N1024_e512_COLD,M6,I2,R2,1024,512,2,COLD,64,1,0.03125,30,30,0,0,0,30,1.168112194332187,1.0701993946940969,1.2427448255479958,0.17254543085389895,0.9638668938695348,1.3512574114548506,"{""M6-S1"": 1.1204562278106027, ""M6-S2"": 1.168374582103549, ""M6-S3"": 1.1854949521381257}",1.1204562278106027,1.1854949521381257,30,836810184.0,797800780.25,852002701.0,54201920.75,784244844,938064657,30,964405860.5,915007132.25,1008442952.0,93435819.75,858485802,1089334061
M6_I1R1_N1024_e512_ONLINE,M6,I1,R1,1024,512,2,ONLINE,64,1,0.03125,30,30,0,0,0,30,1.2180389971251455,1.1303718553846307,1.2651993009501106,0.13482744556547988,0.950130331219596,1.4320473124299868,"{""M6-S1"": 1.2069016434416122, ""M6-S2"": 1.2180389971251455, ""M6-S3"": 1.2118140939053532}",1.2069016434416122,1.2180389971251455,30,667664148.5,640932804.5,693127887.0,52195082.5,615133347,778190370,30,808016897.5,767333923.5,829675875.5,62341952.0,692197214,909620865
M6_I1R2_N1024_e512_ONLINE,M6,I1,R2,1024,512,2,ONLINE,64,1,0.03125,30,30,0,0,0,30,1.1696139555375504,1.091608711712301,1.232640197731006,0.14103148601870497,0.9221374733366684,1.3847791711127064,"{""M6-S1"": 1.207682681411148, ""M6-S2"": 1.101176977101819, ""M6-S3"": 1.218887721072584}",1.101176977101819,1.218887721072584,30,676302270.0,662691098.0,714446865.0,51755767.0,649145896,799501666,30,797340975.0,751091899.0,829455737.0,78363838.0,688631069,906496389
M6_I2R1_N1024_e512_ONLINE,M6,I2,R1,1024,512,2,ONLINE,64,1,0.03125,30,30,0,0,0,30,1.2357682810697002,1.1614860925845707,1.2915735486754918,0.1300874560909211,0.9273898111319516,1.4465791248693114,"{""M6-S1"": 1.2081342058428406, ""M6-S2"": 1.2677201069429302, ""M6-S3"": 1.2497303698912965}",1.2081342058428406,1.2677201069429302,30,662704020.0,636867360.75,686566628.75,49699268.0,619027200,762744810,30,815344849.0,763614250.25,848658011.0,85043760.75,676229715,939092153
M6_I2R2_N1024_e512_ONLINE,M6,I2,R2,1024,512,2,ONLINE,64,1,0.03125,30,30,0,0,0,30,1.1226464262964684,1.0554466428845142,1.2299686178973634,0.17452197501284927,0.9316577157245333,1.3633932800697581,"{""M6-S1"": 1.236519853493173, ""M6-S2"": 1.1358579543600078, ""M6-S3"": 1.0907171336088117}",1.0907171336088117,1.236519853493173,30,702470883.0,660373100.75,723466109.25,63093008.5,643516781,785388889,30,787615193.0,739736117.5,830701968.75,90965851.25,676308215,996971244
M5_I2R2_N1024_e4096_COLD,M5,I2,R2,1024,4096,4,COLD,512,1,0.5,30,30,0,0,0,30,1.3392935742418641,1.2545918872679707,1.3978057481461519,0.14321386087818122,1.0451304882914423,1.4701843902329828,"{""M5-S1"": 1.3758405853426368, ""M5-S2"": 1.3121676094635841, ""M5-S3"": 1.3390568766870825}",1.3121676094635841,1.3758405853426368,30,846262287.0,823112090.5,889181098.0,66069007.5,809327791,943111245,30,1139105386.5,1100767967.5,1166136680.75,65368713.25,985674316,1202917397
M5_I2R2_N1024_e4096_ONLINE,M5,I2,R2,1024,4096,4,ONLINE,512,1,0.5,30,30,0,0,0,30,1.30775570319673,1.2272992491416588,1.3819566622714587,0.15465741312979997,1.1545597513608434,1.5375937170948781,"{""M5-S1"": 1.36029275385099, ""M5-S2"": 1.2961660633614536, ""M5-S3"": 1.231575997502072}",1.231575997502072,1.36029275385099,30,671710780.5,659509412.5,687381378.0,27871965.5,646399519,756429168,30,887381294.0,849309004.5,919768631.75,70459627.25,800426152,1012269296
M5_I2R2_N1024_e8192_COLD,M5,I2,R2,1024,8192,4,COLD,1024,1,1.0,30,30,0,0,0,30,1.311175469274441,1.2731937844457035,1.350307960339809,0.07711417589410541,1.1750444197301293,1.4794839615517579,"{""M5-S1"": 1.3184758542946957, ""M5-S2"": 1.2960836874928927, ""M5-S3"": 1.2840334087855383}",1.2840334087855383,1.3184758542946957,30,864739045.0,853034566.75,898424796.5,45390229.75,835776764,971777537,30,1133283207.5,1106033671.5,1189861015.25,83827343.75,1033401863,1317037349
M5_I2R2_N1024_e8192_ONLINE,M5,I2,R2,1024,8192,4,ONLINE,1024,1,1.0,30,30,0,0,0,30,1.2705502087843379,1.206231703252428,1.3497659462955105,0.1435342430430826,1.0083844898291294,1.457416395592537,"{""M5-S1"": 1.2862357139353322, ""M5-S2"": 1.2681511939164696, ""M5-S3"": 1.2705502087843379}",1.2681511939164696,1.2862357139353322,30,679651335.5,660580067.25,717520366.5,56940299.25,649340424,767961676,30,885199574.0,828074788.5,925849161.5,97774373.0,744621861,1001156947
M5_I2R2_N1024_e12288_COLD,M5,I2,R2,1024,12288,4,COLD,1536,1,1.5,30,30,0,0,0,30,1.31143952992876,1.2296952685089282,1.3683860685555809,0.13869080004665268,1.064186699918517,1.4848485257504402,"{""M5-S1"": 1.335996604552699, ""M5-S2"": 1.2772330951901725, ""M5-S3"": 1.31143952992876}",1.2772330951901725,1.335996604552699,30,883316152.0,871621106.75,905843579.75,34222473.0,853296816,977716530,30,1161055628.0,1125002204.75,1209008367.25,84006162.5,1013153063,1274992346
M5_I2R2_N1024_e12288_ONLINE,M5,I2,R2,1024,12288,4,ONLINE,1536,1,1.5,30,30,0,0,0,30,1.2869096408772647,1.238849183814832,1.3525043350095989,0.11365515119476699,1.1203834699501645,1.4600388960470414,"{""M5-S1"": 1.2892856894049904, ""M5-S2"": 1.2869096408772647, ""M5-S3"": 1.2987108559184795}",1.2869096408772647,1.2987108559184795,30,683832881.5,662644433.75,706812821.0,44168387.25,643517421,770029957,30,895325278.0,860385634.0,942755599.0,82369965.0,788970712,1010096467
M5_I2R2_N1024_e16384_COLD,M5,I2,R2,1024,16384,4,COLD,2048,1,2.0,30,30,0,0,0,30,1.3192107519670404,1.23292593283781,1.3833083628911576,0.15038243005334762,1.0439208406469238,1.5539541255526022,"{""M5-S1"": 1.3373626464963804, ""M5-S2"": 1.320349584987976, ""M5-S3"": 1.292626063742204}",1.292626063742204,1.3373626464963804,30,914502013.5,902794494.5,952252416.75,49457922.25,880308705,1042966490,30,1226605101.5,1153978125.0,1276998604.25,123020479.25,1051735931,1398693374
M5_I2R2_N1024_e16384_ONLINE,M5,I2,R2,1024,16384,4,ONLINE,2048,1,2.0,30,30,0,0,0,30,1.2575992432381395,1.2270522256301917,1.3417909334861293,0.11473870785593765,1.093243018269113,1.428390091673027,"{""M5-S1"": 1.266210546546959, ""M5-S2"": 1.2646241398572349, ""M5-S3"": 1.2570200597893968}",1.2570200597893968,1.266210546546959,30,675776242.5,660851548.0,711658920.25,50807372.25,649967412,799707564,30,878299888.5,851515731.25,910429278.75,58913547.5,740069120,986397682
M5_I2R2_N1024_e65536_COLD,M5,I2,R2,1024,65536,4,COLD,8192,2,8.0,30,30,0,0,0,30,1.2941660693490022,1.2627937506646105,1.326979374154063,0.06418562348945245,1.1548000432862844,1.4877559590662013,"{""M5-S1"": 1.3100646510625262, ""M5-S2"": 1.285946620705742, ""M5-S3"": 1.2749021191306602}",1.2749021191306602,1.3100646510625262,30,1397032081.5,1349651037.5,1427432063.25,77781025.75,1324360396,1553886392,30,1797522515.0,1770245017.25,1868571957.75,98326940.5,1630132183,2005135771
M5_I2R2_N1024_e65536_ONLINE,M5,I2,R2,1024,65536,4,ONLINE,8192,2,8.0,30,30,0,0,0,30,1.3052082798531348,1.2760949792315233,1.3526904777867168,0.07659549855519354,1.1659424038461506,1.5019533418014026,"{""M5-S1"": 1.3090881818974696, ""M5-S2"": 1.2931713006541292, ""M5-S3"": 1.3097511808096614}",1.2931713006541292,1.3097511808096614,30,713270670.0,696564247.0,734945713.75,38381466.75,674036644,798535040,30,930274873.0,915881157.25,977975194.75,62094037.5,886346919,1022741211
